codigo_convenio;nome_convenio;taxa_juros
10033;ASSEMBLEIA LEGISLATIVA DO ESTADO DE PERNAMBUCO; 0.024 
1011;TOCANTINS PROCURADORIA GERAL DA JUSTICA; 0.0235 
10135;PREFEITURA DA CIDADE DO RECIFE; 0.027 
1014;TRIBUNAL DE JUSTICA DO ESTADO DO TOCANTINS; 0.0285 
10142;PREFEITURA MUNICIPAL DE ARARIPINA; 0.0265 
1015;TRIBUNAL DE CONTAS DO ESTADO DO TOCANTINS; 0.0225 
10152;PREFEITURA DE CAMARAGIBE; 0.025 
10154;PREFEITURA MUNICIPAL DE CARNAIBA; 0.0261 
10160;PREFEITURA MUNICIPAL ESCADA; 0.0252 
10167;PREFEITURA MUNICIPAL DE IGARASSU; 0.0215 
10176;PREFEITURA MUNICIPAL DE LIMOEIRO; 0.024 
10181;PREFEITURA MUNICIPAL DE OURICURI; 0.0205 
10182;PREFEITURA MUNICIPAL DE PAUDALHO; 0.0273 
10183;MUNICIPIO DE PAULISTA; 0.0252 
10197;PREFEITURA MUNICIPAL DE SANTA MARIA DA BOA VISTA; 0.0273 
1021;ASSEMBLEIA LEGISLATIVA DO ESTADO DE TOCANTINS; 0.0235 
10261;PREFEITURA MUNICIPAL DE CABROBO; 0.0261 
10316;PREFEITURA MUNICIPAL SALGUEIRO; 0.0247 
10318;AUTARQUIA EDUCACIONAL DE SALGUEIRO; 0.0245 
10319;PREFEITURA JOAQUIM NABUCO; 0.0215 
10383;FUNDACAO COMPESA PREVIDENCIA E ASSIS; 0.0235 
10396;INSTITUTO DE PREVIDENCIA SOCIAL DO MUNICIPIO DE ESCADA - ESCADAPREVI ; 0.0262 
10432;TRIB DE CONTAS DO ESTADO DE PERNAMBUCO; 0.0208 
10447;FUNDO PREVIDENCIARIO DO MUNICIPIO DE PAULISTA; 0.024 
10450;FUNPRECAB-FUNDO PREVIDENCIARIO DO M; 0.0245 
1058;PREFEITURA MUNICIPAL DE CAETE; 0.024 
1065;PREFEITURA MUNICIPAL DE VESPASIANO; 0.0257 
1106;TRIBUNAL DE JUSTICA DO ESTADO DO AMAPA; 0.0265 
1142;JUSTICA FEDERAL DE PRIMEIRO GRAU NO; 0.0225 
12065;PREFEITURA MUNICIPAL DE PIRAI; 0.0315 
12072;JUSTICA FEDERAL DE PRIMEIRO GRAU NO PARA; 0.024 
12081;TRIBUNAL REGIONAL ELEITORAL DE SAO; 0.0256 
12085;TRIBUNAL REGIONAL DO TRABALHO 6 REGIAO; 0.023 
12096;CAMARA MUNICIPAL DE JUQUIA; 0.0235 
1216;ASSEMBLEIA LEGISLATIVA DO ESTADO DA PARAIBA; 0.0294 
12268;PREFEITURA MUNICIPAL DE CAMPO GRANDE; 0.0238 
12306;TRIBUNAL DE JUSTICA DO ESTADO DE MATO GROSSO DO SUL; 0.0295 
12354;AMAZONAS ASSEMBLEIA LEGISLATIVA; 0.0258 
12381;TRIBUNAL DE JUSTICA DO MARANHAO; 0.0255 
1241;TRIBUNAL DE CONTAS DO ESTADO DA PARAIBA; 0.0208 
1242;TRIBUNAL DE JUSTICA DO ESTADO DA PARAIBA; 0.0248 
1243;UNIVERSIDADE ESTADUAL DA PARAIBA; 0.0276 
125;TRIBUNAL REGIONAL DO TRABALHO DA 2A REGIAO; 0.0255 
12500;TRIBUNAL DE JUSTICA DO ESTADO DE SERGIPE; 0.0224 
127;TRIBUNAL REGIONAL DO TRABALHO DA 01A REGIAO; 0.029 
12703;PREFEITURA MUNICIPAL ESTANCIA BALNEARIA ILHABELA; 0.0276 
12752;CAMARA MUNICIPAL DE SAO BERNARDO DO CAMPO; 0.0225 
1276;TRIBUNAL DE CONTAS DO ESTADO PARA; 0.0265 
12771;ASSOCIACAO DOS FUNCIONARIOS DO SAAE; 0.024 
12776;CAMARA MUNICIPAL DE RIO CLARO; 0.0255 
12959;PREFEITURA MUNICIPAL DE ILHA COMPRIDA; 0.0277 
1297;TRIBUNAL DE JUSTIÇA DE RORAIMA; 0.0295 
13179;JUSTICA FEDERAL DE PRIMEIRO GRAU NO PIAUI; 0.022 
13179;JUSTICA FEDERAL DE PRIMEIRO GRAU NO PIAUI; 0.019 
13192;TRIBUNAL REGIONAL ELEITORAL DE MATO GROSSO DO SUL; 0.0264 
13195;TRIBUNAL REGIONAL ELEITORAL DO AMAZONAS; 0.0199 
1355;PREF MUNICIPAL DE BARRA DO PIRAI; 0.0304 
13764;PREFEITURA MUNICIPAL DE REGISTRO; 0.029 
13959;TRIBUNAL REGIONAL ELEITORAL DO RIO GRANDE DO NORTE; 0.0225 
1397;INDAIATUBA ASSOC SERV PUBLICOS; 0.025 
145;MINISTERIO PUBLICO DO ESTADO DO AMAPA; 0.0246 
1451;PREFEITURA MUNICIPAL DE RIO BRANCO; 0.0242 
1473;PREFEITURA MUNICIPAL DE CAMBUI; 0.0244 
1531;PREFEITURA MUNICIPAL DE CAJAZEIRAS; 0.0195 
1633;PREFEITURA MUNICIPAL DE CONGONHAS; 0.0257 
1638;PREFEITURA MUNICIPAL DE CRUZILIA; 0.0199 
1690;PREFEITURA MUNICIPAL DE CORNELIO PROCOPIO; 0.0247 
174;PREFEITURA MUNICIPAL DE ANAPOLIS; 0.0233 
18;PREFEITURA MUNICIPAL GOIATUBA; 0.025 
1857;CAMPANHA PREFEITURA; 0.0199 
191;TRIBUNAL DE JUSTICA DO ESTADO DO PARA; 0.0235 
1941;PREFEITURA DO MUNICIPIO DE CORDEIROPOLIS ; 0.0248 
1961;PREFEITURA MUNICIPAL DE AVARE; 0.0213 
20080;PREFEITURA MUNICIPAL DE GAVIAO PEIXOTO; 0.0199 
20082;PREFEITURA MUNICIPAL DE ORINDIUVA; 0.0199 
20083;PREFEITURA MUNICIPAL DE AMERICO DE CAMPOS; 0.0248 
20084;PREFEITURA MUNICIPAL DE ARARAQUARA; 0.0275 
20087;PREFEITURA MUNICIPAL DE PORTO FERREIRA; 0.0238 
20089;PREFEITURA MUNICIPAL DE SANTA RITA DO PASSA QUATRO; 0.0329 
20090;PREFEITURA MUNICIPAL DE MACAUBAL; 0.027 
20096;PREFEITURA MUNICIPAL DE RIBEIRAO PRETO; 0.0289 
20104;COMPANHIA DE ENGENHARIA DE TRAFEGO DE SANTOS; 0.0225 
20114;INSTITUTO DE PREVIDENCIA DOS MUNICIPIARIOS DE RIB PRETO; 0.025 
20131;TRIBUNAL DE CONTAS DA UNIAO; 0.0286 
20145;TRIB SUP ELEITORAL; 0.0195 
20146;TRIBUNAL SUPERIOR DO TRABALHO; 0.0255 
20149;CAMARA DOS DEPUTADOS; 0.0242 
20150;SUPREMO TRIBUNAL FEDERAL; 0.0245 
20151;TRIBUNAL DE JUSTICA DISTRITO FEDEREAL E TERRITORIOS; 0.0255 
20171;FUNDACAO MUNICIPAL DE SAUDE DE RIO CLARO; 0.0255 
20208;HORTOPREV INST PREV SERV PUB HORTOLANDIA; 0.0225 
20243;MINISTERIO PUBLICO DO ESTADO DE SAO PAULO; 0.026 
20256;PREFEITURA MUNICIPAL DE VITORIA BRASIL; 0.0272 
20257;PREFEITURA MUNICIPAL DE SANTA SALETE; 0.0199 
20258;PREFEITURA MUNICIPAL DE OUROESTE; 0.0277 
20324;INST DE PREV MUN DE GENERAL SALGADO; 0.0235 
20345;TRIBUNAL REGIONAL DO TRABALHO DA 4 REGIAO; 0.0225 
2042;CAMARA MUNICIPAL DA ESTANCIA BALNEARIA DE PRAIA GRANDE; 0.0203 
20421;CORPO BOMBEIRO MILITAR DE MINAS GERAIS; 0.0276 
20423;INSTITUTO DE PREV DOS SERVIDORES MUNICIPAIS DE NOVA IGUACU; 0.0264 
20440;PREFEITURA MUNICIPAL DE APARECIDA DO TABOADO; 0.0257 
20450;TRIBUNAL REGIONAL FEDERAL DA 1A REGIAO; 0.0249 
20487;TRIBUNAL REGIONAL ELEITORAL DO DF; 0.0235 
20512;GOVERNO DO ESTADO DO AMAZONAS; 0.024 
20540;INST DE PREV DO SERV PUB TERESOPOLIS                        ; 0.0274 
20554;INSTITUTO DE PREVIDENCIA MUNICIPAL DE UBATUBA - IPMU; 0.0284 
20559;INSTITUTO DE PREVIDENCIA MUNICIPAL DE PRESIDENTE VENCESLAU; 0.0213 
20559;INSTITUTO DE PREVIDENCIA MUNICIPAL DE PRESIDENTE VENCESLAU; 0.0223 
20586;INST DE PREV ASSIS - ASSISPREV                              ; 0.0247 
20586;INST DE PREV ASSIS - ASSISPREV                              ; 0.022 
20602;INSTITUTO DE PREVIDENCIA DOS SERVIDORES MUNICIPAIS DE SAO VICENTE; 0.0258 
20603;JUSTICA FEDERAL DE 1GRAU DE MINAS GERAIS; 0.0265 
20606;GOVERNO DO ESTADO DE MINAS GERAIS; 0.0236 
20614;INSTITUTO DE PREVIDENCIA MUNICIPAL DE OURINHOS; 0.0225 
20615;DEFENSORIA PUBLICA DE MINAS GERAIS; 0.0195 
20640;TRIB REGIONAL ELEITORAL DE MINAS GERAIS; 0.0189 
20659;SANEBAVI SANEAMENTO BASICO VINHEDO; 0.0207 
20659;SANEBAVI SANEAMENTO BASICO VINHEDO; 0.0243 
20672;MINISTERIO PUBLICO DO CEARA; 0.023 
20710;INSTITUTO DE PREVIDENCIA MUN DE MOGI DA CRUZES; 0.0235 
20725;SAEMAS - MEIO AMBIENTE DE SERTAOZINHO; 0.0235 
20729;INSTITUTO DE PREVIDENCIA MUNICIPAL DE PERUIBE - PERUIBEPREV; 0.0294 
20745;ASSEMBLEIA LEGISLATIVA DO RIO GRANDE DO NORTE; 0.022 
20749;JOAO PESSOA SECRETARIA DE FINANCAS SEFIN                              ; 0.0235 
20768;PREV DO RIO GRANDE - PREVIRG                                ; 0.0209 
2077;PREFEITURA MUNICIPAL DE ITU; 0.029 
20805;TRIBUNAL DE JUSTICA DA BAHIA; 0.026 
20808;SANTA CASA DE FEIRA DE SANTANA                              ; 0.0322 
20809;GOVERNO DO ESTADO DA BAHIA; 0.0237 
20827;PREFEITURA MUNICIPAL DE SALVADOR; 0.0235 
20840;ESTADO DE MATO GROSSO DO SUL; 0.024 
20844;POLICIA MILITAR DE MINAS GERAIS; 0.0229 
20847;INST PREV SERVIDORES DE MG (IPSEMG); 0.024 
20857;INST PREV SERV MILITARES ESTADO DE MG; 0.02 
20869;PREFEITURA MUNICIPAL DE UBA; 0.0295 
20894;PREFEITURA MUNICIPAL DE POUSO ALEGRE; 0.0246 
20916;TRIBUNAL DE JUSTICA DO ESTADO DE MINAS GERAIS; 0.025 
20943;MINISTERIO PUBLICO DISTRITO FEDERAL TERRITORIO; 0.0255 
20946;MINISTERIO PUBLICO FEDERAL; 0.025 
20977;PREFEITURA MUNICIPAL CAMPOS GOYTACAZES; 0.023 
20978;PREFEITURA MUNICIPAL DE NOVA IGUACU; 0.0271 
20980;PREFEITURA MUNICIPAL DE TERESOPOLIS; 0.0235 
20991;INSS; 0.0185 
21075;GOVERNO DO RIO DE JANEIRO; 0.0275 
21076;PREFEITURA MUNICIPAL DO RIO DE JANEIRO; 0.0203 
21088;PREFEITURA MUNICIPAL DE ALVARES DE MACHADO; 0.0285 
21131;PREFEITURA MUNICIPAL DE SERRANA; 0.026 
21143;PREFEITURA MUNICIPAL DE ANDRADINA; 0.034 
21144;PREFEITURA MUNICIPAL DE MURUTINGA DO SUL; 0.0245 
21145;PREFEITURA MUNICIPAL DE GABRIEL MONTEIRO; 0.0265 
21146;PREFEITURA MUNICPAL DE BURITAMA; 0.0274 
21148;PREFEITURA MUNICIPAL DE MIRANDOPOLIS; 0.0248 
21150;PREFEITURA MUNICIPAL DE SANTÓPOLIS DO AGUAPEÍ; 0.021 
21152;PREFEITURA MUNICIPAL DE PEREIRA BARRETO; 0.0255 
21153;PREFEITURA MUNICIPAL DE ITAPURA; 0.028 
21159;PREFEITURA MUNICIPAL DE MARILIA; 0.0225 
21162;PREFEITURA MUNICIPAL DE POMPEIA; 0.023 
21163;PREFEITURA MUNICIPAL DE FLORINEA                                        ; 0.024 
21167;PREFEITURA MUNICIPAL DE GALIA; 0.0203 
21175;PREFEITURA MUNICIPAL DE OSCAR BRESSANE; 0.0277 
21176;PREFEITURA MUNICIPAL DE BORA; 0.026 
21177;PREFEITURA MUNICIPAL DA ESTANCIA TURISTICA DE PARAGUACU PAULISTA; 0.0252 
21178;PREFEITURA MUNICIPAL DE QUATA; 0.0259 
21180;PREFEITURA MUNICIPAL DE URU; 0.0235 
21183;PREFEITURA MUNICIPAL DE QUEIROZ; 0.0247 
21184;PREFEITURA MUNICIPAL DE TUPA; 0.0242 
21190;PREFEITURA MUNICIPAL DE RAFARD; 0.0238 
21194;PREFEITURA MUNICIPAL DE BARRETOS; 0.0254 
21197;PREFEITURA MUNICIPAL DE SERRA NEGRA; 0.0199 
21198;PREFEITURA MUNICIPALDE CAIABU; 0.0258 
21199;PREFEITURA MUNICIPAL DE MARTINOPOLIS; 0.0325 
21200;PREFEITURA MUNICIPAL DE NARANDIBA; 0.0262 
21204;PREFEITURA MUNICIPAL DE SANDOVALINA; 0.0225 
21205;PREFEITURA MUNICIPAL DE TARABAI; 0.0199 
21206;PREFEITURA MUNICIPAL DE DRACENA; 0.0273 
21207;PREFEITURA MUNICIPAL DE MONTE CASTELO; 0.028 
21211;PREF MUN DE PAULICEIA; 0.0279 
21212;PREFEITURA MUNICIPAL DE SANTA MERCEDES; 0.0306 
21214;PREF MUN DE IRAPURU; 0.0249 
21217;PREF MUN DE MIRANTE DO PARANAPANEMA                         ; 0.0215 
21219;PREFEITURA MUNICIPAL DE TEODORO SAMPAIO; 0.0307 
21222;PREFEITURA MUNICIPAL DE GUARUJA; 0.0207 
21225;PREFEITURA MUNICIPAL DE ELDORADO; 0.0263 
21228;PREFEITURA MUNICIPAL DE POTIRENDABA; 0.0282 
21230;PREFEITURA MUNICIPAL DE UCHOA; 0.0199 
21234;PREFEITURA MUNICIPAL DE MIRA ESTRELA; 0.0199 
21237;PREFEITURA MUNICIPAL DE PINDORAMA; 0.0295 
21238;PREFEITURA MUNICIPAL DE CATIGUA; 0.025 
21240;PREFEITURA MUNICIPAL DE TABAPUA; 0.0275 
21241;PREFEITURA MUNICIPAL DE JALES; 0.0235 
21242;PREFEITURA MUNICIPAL DE LIMEIRA; 0.0204 
21243;PREFEITURA MUNICIPAL DE MARINOPOLIS; 0.0199 
21246;PREFEITURA MUNICIPAL DE SANTA ALBERTINA; 0.025 
21247;PREFEITURA MUNICIPAL DE SANTA FÉ DO SUL; 0.0268 
21248;PREFEITURA MUNICIPAL DE SANTANA DA PONTE PENSA; 0.0199 
21249;PREF MUN DE TURMALINA; 0.0268 
21250;PREFEITURA MUNICIPAL DE ADOLFO; 0.0199 
21252;PREFEITURA MUNICIPAL DE MIRASSOLANDIA; 0.0264 
21254;PREFEITURA MUNICIPAL DE NEVES PAULISTA; 0.0255 
21255;PREF MUN DE NHANDEARA                                       ; 0.0268 
21256;PREFEITURA MUNICIPAL DE ONDA VERDE; 0.0203 
21257;PREFEITURA MUNICIPAL DE PALESTINA; 0.0199 
21258;PREFEITURA MUNICIPAL DE PAULO DE FARIA; 0.0255 
21260;PREFEITURA MUNICIPAL DE ALTAIR; 0.0278 
21261;PREFEITURA MUNICIPAL DE TANABI; 0.0272 
21262;PREFEITURA MUNICIPAL DA ESTANCIA HIDROMINERAL DE IBIRA; 0.0248 
21264;PREFEITURA MUNICIPAL DE RIOLANDIA; 0.026 
21267;UNITAU - UNIV TAUBATE; 0.024 
21271;PREFEITURA MUNICIPAL DE SAO BENTO DO SAPUCAI                      ; 0.0258 
21272;PREFEITURA MUNICIPAL DE BANANAL; 0.0216 
21274;PREFEITURA MUNICIPAL DE PINDAMONHANGABA; 0.024 
21276;PREFEITURA MUNICIPAL DE CRAVINHOS; 0.0235 
21282;PREFEITURA MUNICIPAL DE PIRACAIA; 0.0279 
21285;PREFEITURA MUNICIPAL DE ITAPIRA; 0.0281 
21286;PREFEITURA MUNICIPAL DE SANTA LUCIA; 0.0248 
21287;SAAE SERVICO AGUA E ESGOTO DE BARRETOS                      ; 0.0232 
21301;PREFEITURA MUNICIPAL DE PEDREGULHO; 0.0238 
21305;PREFEITURA MUNICIPAL DE BURITIZAL; 0.0199 
21306;PREFEITURA MUNICIPAL DE CONCHAL; 0.0274 
21307;PREF MUN DE SANTO ANTONIO DE POSSE; 0.027 
21312;PREFEITURA MUNICIPAL DE GUARA; 0.0285 
21317;PREF MUN DE LUIZ ANTONIO                                    ; 0.021 
21319;PREFEITURA MUNICIPAL DE SÃO SIMÃO; 0.0272 
21321;PREFEITURA MUNICIPAL DE SERTAOZINHO; 0.0257 
21335;PREFEITURA MUNICIPAL DE BASTOS; 0.0275 
21336;PREFEITURA MUNICIPAL DE IGUAPE; 0.025 
21340;PREFEITURA MUNICIPAL DE GENERAL SALGADO; 0.0199 
21341;PREFEITURA MUNICIPAL DE MAGDA; 0.0329 
21343;PREFEITURA MUNICIPAL DE DOIS CORREGOS; 0.023 
21345;PREFEITURA MUNICIPAL DE PARIQUERA; 0.0223 
21349;PREFEITURA MUNICIPAL DE CAMPOS DO JORDAO; 0.0277 
21351;PREFEITURA MUNICIPAL DE CUNHA; 0.0234 
21352;PREFEITURA MUNICIPAL DE VIRADOURO; 0.026 
21353;PREFEITURA MUNICIPAL DE BEBEDOURO; 0.0263 
21355;PREFEITURA MUNICIPAL DE TURIUBA; 0.0319 
21357;PREFEITURA MUNICIPAL DE UNIAO PAULISTA; 0.0233 
21359;PREF MUN DE GUAPIACU; 0.0259 
21362;PREF MUN DE ITOBI                                           ; 0.025 
21363;PREFEITURA MUNICIPAL DE CASA BRANCA; 0.0247 
21364;PREFEITURA MUNICIPAL DE ARTUR NOGUEIRA; 0.0267 
21369;PREFEITURA MUNICIPAL DE RIO CLARO; 0.0265 
21371;PREFEITURA MUNICIPAL DE VARZEA PAULISTA; 0.0248 
21372;PREFEITURA MUNICIPAL DE AMERICANA; 0.0255 
21378;PREFEITURA MUNICIPAL DE MAIRINQUE; 0.0275 
21383;UNIVERSIDADE ESTADUAL DE CAMPINAS - UNICAMP; 0.0224 
21387;PREFEITURA MUNICIPAL DE AGUDOS; 0.0227 
21389;PREFEITURA MUNICIPAL DE DUARTINA; 0.0257 
21392;PREFEITURA MUNICIPAL DE SAO VICENTE; 0.0265 
21393;MUNICIPIO EST BALN DE PRAIA GRANDE; 0.0243 
21394;PREFEITURA MUNICIPAL DE ASSIS; 0.024 
21395;PREFEITURA MUNICIPAL DE CRUZALIA; 0.0232 
21398;PREFEITURA MUNICIPAL DE GUARANTA; 0.0334 
21399;PREFEITURA MUNICIPAL DE ITAPUI; 0.025 
21401;PREF MUN DE MACATUBA; 0.0255 
21404;PREFEITURA MUNICIPAL DE PIRAJU; 0.0255 
21405;PREFEITURA MUNICIPAL DE FARTURA; 0.0258 
21406;PREFEITURA MUNICIPAL DE TAGUAI; 0.023 
21409;PREFEITURA MUNICIPAL DE SANTA CRUZ DO RIO PARDO; 0.0296 
21415;PREFEITURA MUNICIPAL DE PIRACICABA; 0.0244 
21418;PREFEITURA MUNICIPAL DE BROTAS; 0.0324 
21421;PREFEITURA MUNICIPAL DE SANTA CRUZ DA PALMEIRAS ; 0.02 
21422;PREFEITURA MUNICIPAL DE TAMBAU; 0.0263 
21423;SERVICO AUTONOMO DE AGUA E ESGOTOS DE ITAPIRA; 0.0178 
21423;SERVICO AUTONOMO DE AGUA E ESGOTOS DE ITAPIRA; 0.0208 
21423;SERVICO AUTONOMO DE AGUA E ESGOTOS DE ITAPIRA; 0.0203 
21424;PMSP - PREFEITURA MUNICIPAL DE SAO PAULO; 0.0235 
21425;PREFEITURA MUNICIPAL DE PEDREIRA; 0.0285 
21427;PREFEITURA MUNICIPAL DE SANTA BARBARA D OESTE; 0.0234 
21430;PREF MUN DE SANTO EXPEDITO                                  ; 0.0248 
21431;PREFEITURA MUNICIPAL DE AGUAS DE LINDOIA; 0.0265 
21432;PREFEITURA MUNICIPAL DE VINHEDO; 0.0262 
21434;PREFEITURA MUNICIPAL DE PRESIDENTE VENCESLAU; 0.0273 
21435;PREFEITURA MUNICIPAL DE UBATUBA; 0.0273 
21436;PREFEITURA MUNICIPAL DE SANTO ANDRE; 0.0252 
21441;PREFEITURA MUNICIPAL DE SUZANO; 0.0295 
21442;PREFEITURA MUNICIPAL DE CAIEIRAS; 0.0285 
21444;PREFEITURA MUNICIPAL DE FRANCO DA ROCHA; 0.0275 
21448;PREFEITURA MUNICIPAL DE MAIRIPORA; 0.0252 
21450;PREFEITURA MUNICIPAL DE FERRAZ DE VASCONCELOS                           ; 0.0257 
21451;PREFEITURA MUNICIPAL DE SAO BERNARDO DO CAMPO; 0.024 
21454;PREFEITURA MUNICIPAL DE MOGI DAS CRUZES; 0.0227 
21460;PREFEITURA MUNICIPAL DE ITANHAEM; 0.025 
21461;PREF MUN DE MONGAGUA; 0.029 
21462;PREFEITURA MUNICIPAL DE PERUIBE; 0.0294 
21465;PREFEITURA MUNICIPAL DE JACUPIRANGA; 0.0245 
21466;PREFEITURA MUNICIPAL DE MIRACATU; 0.0263 
21467;PREFEITURA MUNICIPAL DE CANANEIA; 0.0265 
21468;PREFEITURA MUNICIPAL DE JUQUIA; 0.0252 
21469;PREFEITURA MUNICIPAL DE OLIMPIA; 0.0242 
21471;PREFEITURA MUNICIPAL DE VOTUPORANGA; 0.027 
21473;PREFEITURA MUNICIPAL DE VALENTIM GENTIL; 0.0264 
21475;PREFEITURA MUNICIPAL DE APARECIDA D OESTE ; 0.0199 
21477;PREFEITURA MUNICIPAL DE PALMEIRA D OESTE; 0.0199 
21478;PREFEITURA MUNICIPAL DE URANIA; 0.0199 
21480;PREFEITURA MUNICIPALDE SALES; 0.0206 
21482;PREFEITURA MUNICIPAL DE SAO LUIZ DO PARAITINGA; 0.0199 
21483;MUNICIPIO DE SOROCABA; 0.0225 
21485;PREFEITURA MUNICIPAL DE BOTUCATU; 0.0238 
21490;PREFEITURA MUNICIPAL DE PARDINHO; 0.0285 
21492;PREFEITURA MUNICIPAL DE CERQUEIRA CESAR; 0.0258 
21494;PREFEITURA MUNICIPAL DE ITAI; 0.027 
21495;PREFEITURA MUNICIPAL DE TAQUARITUBA; 0.0241 
21500;PREF MUN DE IPORANGA; 0.0265 
21501;PREFEITURA MUNICIPAL DE ITAPETININGA; 0.0245 
21507;PREFEITURA MUNICIPAL DE ITABERA; 0.0258 
21509;PREFEITURA MUNICIPAL DE ITARARE; 0.0199 
2151;INST DE APOSENT E PENSAO DOS SERV PUB DO MUNIC DE GARCA; 0.0215 
2151;INST DE APOSENT E PENSAO DOS SERV PUB DO MUNIC DE GARCA; 0.0218 
21510;PREFEITURA MUNICIPAL DE ITAPORANGA; 0.0255 
21518;PREFEITURA DA ESTANCIA TURISTICA DE IBIUNA; 0.0263 
21519;PREFEITURA MUNICIPAL DE TATUI; 0.0268 
21521;PREFEITURA MUNICIPAL DE CERQUILHO; 0.0288 
21522;PREFEITURA MUNICIPAL DE SAO JOSE DOS CAMPOS; 0.0207 
21523;PREFEITURA MUNICIPAL DE PARAIBUNA; 0.0275 
21526;PREFEITURA MUNICIPAL DE GUARATINGUETA; 0.024 
21527;PREFEITURA MUNICIPAL DE APARECIDA; 0.0259 
21528;PREFEITURA MUNICIPAL DE SANTA BRANCA; 0.0295 
21529;PREFEITURA MUNICIPAL DE JACAREI; 0.0257 
21533;PREFEITURA MUNICIPAL DE ITUVERAVA; 0.0275 
21534;SAAE - JABOTICABAL; 0.023 
21535;PREFEITURA MUNICIPAL DE BOA ESPERANCA DO SUL; 0.023 
21536;PREFEITURA MUNICIPAL DE DESCALVADO; 0.0247 
21537;PREFEITURA MUNICIPAL DE BORBOREMA; 0.0238 
21542;PREFEITURA MUNICIPAL DE INDIAPORA; 0.0214 
21543;GUARDA MUNICIPAL DE AMERICANA; 0.0235 
21557;PREFEITURA MUNICIPAL DE CLEMENTINA; 0.0281 
21562;INSTITUTO DE PREVIDENCIA DE  CUBATAO; 0.0228 
21565;FUND DE EDUCACAO E CULTURA DE SANTA                         ; 0.0365 
21573;PREFEITURA MUNICIPAL DE FERNANDOPOLIS; 0.0272 
21579;UNIVERSIDADE ESTADUAL PAULISTA JULIO DE MESQUITA FILHO; 0.026 
21588;PREFEITURA MUNICIPAL DE GUAIRA; 0.0295 
2159;SERVICO AUTONOMO DE AGUAS E ESGOTOS; 0.0202 
2159;SERVICO AUTONOMO DE AGUAS E ESGOTOS; 0.0212 
21597;PREFEITURA MUNICIPAL DE REGENTE FEIJO; 0.0259 
21599;SERVICO AUTONOMO DE AGUA E ESGOTO DE JACAREI; 0.0237 
21655;PREFEITURA MUNICIPAL DE JABOTICABAL; 0.0256 
21667;SAAE CERQUILHO; 0.0233 
21669;FUNDACAO REGIONAL EDUCACIONAL DE AVARE; 0.0409 
21670;INSTITUTO DE PREVIDENCIA DE ITAPETININGA; 0.023 
21690;INST DE PREV PIRACICABA; 0.0266 
21713;PREFEITURA MUNICIPAL DE MONTE ALTO; 0.0235 
21715;PREFEITURA MUNICIPAL DE POPULINA; 0.0288 
21721;FUNDACAO PRO SANGUE; 0.0198 
21735;PREFEITURA MUNICIPAL DE BOM JESUS DOS PERDOES; 0.0265 
21739;SERVICO MUNICIPAL DE AGUAS E ESGOTOS - MOGI DAS CRUZES; 0.023 
21753;PREFEITURA MUNICIPAL DE SEBASTIANOPOLIS DO SUL; 0.0199 
21757;PREF MUN DE NOVA LUZITANIA                                  ; 0.0235 
21760;PREFEITURA MUNICIPAL DE MONTE APRAZIVEL; 0.0265 
21761;PREFEITURA MUNICIPAL DE FLOREAL; 0.0235 
21763;PREFEITURA MUNICIPAL DE PARAPUA; 0.0249 
21764;PREFEITURA MUNICIPAL DE OSVALDO CRUZ; 0.0257 
21765;PREFEITURA MUNICIPAL DE CAIUA; 0.0208 
21771;PREFEITURA MUNICIPAL DE OURINHOS; 0.0199 
21791;PREFEITURA MUNICIPAL DE SANTO ANASTACIO; 0.0265 
2181;PREFEITURA MUNICIPAL DE CONTAGEM; 0.0273 
21810;PREF MUN DE PIRAPOZINHO; 0.0292 
21814;PREFEITURA MUNICIPAL DE POA; 0.0263 
21821;PREFEITURA MUNICIPAL DE PRESIDENTE EPITACIO; 0.0229 
21823;PREFEITURA MUNICIPAL DE TACIBA; 0.0267 
21824;PREFEITURA MUNICIPAL DE PRESIDENTE PRUDENTE; 0.024 
21827;COMPANHIA MUNICIPAL DE TRANSITO DE CUBATAO; 0.0218 
21854;PREFEITURA MUNICIPAL DE SANTA ISABEL; 0.0283 
21855;PREFEITURA MUNICIPAL DE ARUJA; 0.025 
21891;CONSORCIO INTERMUNICIPAL DE SAUDE DO VALE DO RIBEIRA E LITORAL SUL; 0.024 
21939;PREFEITURA MUNICIPAL DE ILHA SOLTEIRA; 0.025 
21941;PREF MUN DE SANTO ANTONIO DO ARACANGUA                      ; 0.0255 
21943;PREF MUN DE SUZANAPOLIS; 0.027 
21947;PREFEITURA MUNICIPAL DE SAO JOAQUIM DA BARRA; 0.0255 
21948;PREFEITURA MUNICIPAL DE MONCOES; 0.0341 
22001;INST DE PESQ TECN DO ESTADO DE SP IPT; 0.0202 
2213;PREFEITURA MUNICIPAL DE NOVA LIMA; 0.0243 
22165;UNIVERSIDADE DE SAO PAULO; 0.0288 
22172;PREFEITURA MUNICIPAL DE CAJATI; 0.0265 
22176;PREFEITURA MUNICIPAL DE PEDRINHAS PAULISTA; 0.0265 
22202;INST DE PREV MUN DE FERNANDOPOLIS; 0.0247 
22204;PREFEITURA MUNICIPAL DE DIRCE REIS; 0.0199 
22205;PREFEITURA MUNICIPAL DE ASPASIA; 0.028 
22225;INSTITUTO DE PREVIDENCIA DO MUNICIPIO DE BARRETOS; 0.024 
22237;FUNDSECURSOCIAL SERVPUBMUNICSOROCAB                         ; 0.0235 
22248;PREFEITURA MUNICIPAL DE ROSANA; 0.0248 
22256;PREFEITURA MUNICIPAL DE HORTOLANDIA; 0.0245 
22258;PREFEITURA MUNICIPAL DE BERTIOGA; 0.027 
22263;PREFEITURA MUNICIPAL DE MOTUCA; 0.037 
22264;SEPREM DE JABOTICABAL; 0.024 
22275;PREFEITURA MUNICIPAL DE SAO ROQUE; 0.0263 
22280;CAMARA MUNICIPAL DE PERUIBE; 0.0198 
22288;PREFEITURA MUNICIPAL DE TABATINGA; 0.0285 
22297;INST DE PREV DO MUN DE TAUBATE; 0.025 
22314;SUPERINTENDENCIA DE AGUA, ESGOTOS E MEIO AMBIENTE DE VOTUPORANGA; 0.0248 
22362;PREFEITURA MUNICIPAL DE RIO NEGRO; 0.023 
22368;PREFEITURA MUNICIPAL DE ADRIANOPOLIS; 0.0201 
2239;FUNEC FUNDACAO DE ENSINO DE CONTAGE; 0.0255 
22417;PREFEITURA MUNICIPAL DE ARAPONGAS; 0.0243 
22509;TRIBUNAL DE JUSTICA DE SANTA CATARINA; 0.0247 
22530;PREFEITURA MUNICIPAL DE SAO BENTO DO SUL; 0.0318 
22539;PREFEITURA MUNICIPAL DE VENANCIO AIRES; 0.0259 
22547;PREFEITURA MUNICIPAL DE CACHOEIRA DO SUL; 0.0233 
22549;PREFEITURA MUNICIPAL DE PASSO FUNDO; 0.026 
22550;PREFEITUA MUNICIPAL DE HORIZONTINA; 0.0294 
22563;PREFEITURA MUNICIPAL DE TORRES; 0.0195 
22567;PREFEITURA MUNICIPAL DE ALVORADA; 0.0273 
22573;PREF MUN DE CACAPAVA DO SUL; 0.0199 
22576;PREFEITURA MUNICIPAL DE SAPUCAIA DO SUL; 0.0315 
22580;PREFEITURA MUNICIPAL DE ESTANCIA VELHA; 0.0289 
22585;PREF MUN DE SAO SEBASTIAO DO CAI                            ; 0.0229 
22592;PREFEITURA MUNICIPAL DE RIO GRANDE; 0.0247 
22594;PREFEITURA MUNICIPAL DE CANELA; 0.0199 
22608;PREFEITURA MUNICIPAL DE CAMAQUA; 0.0245 
22609;PREFEITURA MUNICIPAL DE PANAMBI; 0.0268 
22617;PREFEITURA MUN DE SANTA VITORIA DO PALMAR; 0.024 
22618;PREFEITURA MUNICIPAL DE CANGUCU; 0.0199 
2269;CENTRO UNIVERSITARIO DE FRANCA; 0.0245 
22770;INSTITUTO DE PREVIDENCIA DO MUNICIPIO DE JACAREI; 0.0239 
22772;INSTITUTO DE PREVIDENCIA DE SAO JOSE DOS CAMPOS; 0.026 
22780;PREFEITURA MUNICIPAL DE TAQUARA; 0.026 
22785;PREFEITURA MUNICIPAL DE VERANOPOLIS; 0.0221 
22790;PREFEITURA MUNICIPAL DE PIRANGI; 0.0215 
22806;PREFEITURA MUNICIPAL DE DOURADO; 0.0231 
22811;FUNDACAO PARQUES E JARDINS; 0.0189 
22812;INST DE PREV DOS SERV PUBLICOS DO MUNIC DE OLIMPIA; 0.028 
22826;PREFEITURA MUNICIPAL DE LINDOIA; 0.0249 
279;TRIBUNAL REGIONAL ELEITORAL DO RIO GRANDE DO SUL; 0.0216 
30;MUNICIPIO DE CHAPADAO DO SUL; 0.0252 
35627;PREFEITURA MUNICIPAL DE VOTORANTIM; 0.0285 
35647;PREFEITURA MUNICIPAL DE LARANJAL PAULISTA; 0.0222 
35685;PREFEITURA MUNICIPAL DE ARANDU; 0.0257 
35775;PREFEITURA DO MUNICIPIO DE SANTA MAARIA DA SERRA; 0.0199 
35794;PREFEITURA MUNICIPAL DE ZACARIAS; 0.0253 
35815;PREFEITURA MUNICIPAL DE GUARACAI; 0.0235 
35819;PREFEITURA MUNICIPAL DE LINS; 0.0258 
35821;CRAISA - CIA. REGIONAL DE ABASTECIM; 0.0255 
3585;PREFEITURA MUNICIPAL DE SAO SEBASTIAO DO PARAISO; 0.0235 
35885;PREFEITURA MUNICIPAL DE VARGEM GRANDE; 0.022 
35889;INST DE PREVIDENCIA DE MAIRIPORA ; 0.0232 
35895;PREFEITURA MUNICIPAL DE MORRINHOS; 0.026 
35900;PREFEITURA MUNICIPAL DE SANTOS; 0.0297 
35944;PREFEITURA MUNICIPAL DE PATROCINIO; 0.0235 
35967;DEPARTAMENTO DE AGUA E ESGOTO DE S; 0.022 
36009;REGIME PROPRIO DE PREVIDENCIA SOCIAL DE SÃO JOSÉ DO RIO PRETO; 0.0187 
36024;PREFEITURA MUNICIPAL DE PALMARES DO SUL; 0.024 
36046;INSTITUTO DE PREVIDENCIA DOS SERVIDORES DO MUNICIPIO DE PARANAIBA - PREVIM ; 0.0245 
36120;PREFEITURA MUNICIPAL DE LUCELIA; 0.0276 
36126;INSTITUTO DE PREVIDENCIA DOS SERVIDORES MUNICIPAIS DE ITANHAEM; 0.025 
36138;INSTITUTO DE PREVIDENCIA MUNICIPAL DE LIMEIRA; 0.0218 
36158;PREFEITURA MUNICIPAL DE PELOTAS; 0.022 
36181;SERVICO AUTONOMO DE SANEAMENTO DE PELOTAS; 0.0199 
36236;PREFEITURA MUNICIPAL DE ITAPEVA MG; 0.0255 
36306;INSTITUTO DE GESTAO PREVIDENCIARIA DO MUNICIPIO DE PETROLINA; 0.0244 
36330;PREFEITURA MUNICIPAL DE SAO SEBASTIAO; 0.0245 
36331;SANEAMENTO DE GOIAS S/A; 0.0275 
36355;INSTITUTO DE PREVIDÊNCIA DOS SERVIDORES MUNICIPAIS DE CONCHAL; 0.023 
36407;PREFEITURA MUNICIPAL DE CANDIDO MOTA; 0.0239 
36460;MACAPA PREVIDENCIA - MACAPA PREV; 0.0239 
3648;PREFEITURA MUNICIPAL DE BARUERI; 0.0242 
36484;PREFEITURA MUNICIPAL DE ARACATUBA; 0.024 
36515;MUNICIPIO DE CAMPO BELO; 0.0259 
36516;CENTRAIS DE ABASTECIMENTO DE CAMPIN; 0.0195 
36565;MUNICIPIO DE NOVA GRANADA; 0.0205 
36573;CREMESP - CONSELHO REGIONAL DE MEDICINIA ; 0.0275 
36589;FUNDO DE PREVIDENCIA DOS SERVIDORES; 0.0235 
36613;GOVERNO DO ESTADO DE SAO PAULO; 0.027 
36615;POLICIA MILITAR DO ESTADO DE SAO PAULO; 0.0285 
36616;SAO PAULO PREVIDENCIA; 0.0286 
36643;PREF MUN DE VIDEIRA; 0.0265 
36689;FUNDO MUNICIPAL DE SAUDE PAUDALHO; 0.0243 
36690;FUNDO DE APOSENTADORIA E PENSAO DO; 0.021 
36691;PROCURADORIA GERAL DE JUSTICA DO MT; 0.023 
3675;CIA DE SANEAMENTO DE MG - COPASA; 0.0287 
3675;CIA DE SANEAMENTO DE MG - COPASA; 0.0307 
36754;FUNDO DE APOSENTADORIA E PENSAO DO SERVIDOR - FAPS; 0.022 
36787;PREFEITURA MUNICIPAL DE CACAPAVA; 0.0255 
36802;PREFEITURA MUNICIPAL DE PEDERNEIRAS; 0.0273 
36867;ASSEMBLEIA LEGISLATIVA DO ESTADO DO ESPIRITO SANTO; 0.0191 
36873;PREFEITURA MUNICIPAL DE PONTAL; 0.0272 
36917;CENTRO PROMOCAO SOCIAL MUNICIPAL-CE; 0.0192 
36922;UNIVERSIDADE ESTADUAL DO CENTRO OES; 0.023 
36926;MUNICIPIO DE AMPARO; 0.024 
36984;PREFEITURA MUNICIPAL DE CUBATAO; 0.0243 
37064;PREFEITURA MUNICIPAL DE RIFAINA; 0.0272 
37144;MUNICIPIO DE GRAMADO; 0.0265 
37146;MUNICIPIO DE JOINVILLE; 0.0265 
37275;EMP MUNIC PLANEJ GESTAO EDUC TRANSITO; 0.0188 
37276;INST.MUNIC.DE PREVIDENCIA DO SERVIDORES; 0.0215 
37326;MUNICIPIO DE FEIRA DE SANTANA; 0.0305 
37327;PREFEITURA MUNICIPAL DE TRAMANDAI; 0.0255 
37336;MUNICIPIO DE VARGINHA; 0.0252 
37337;FUNDACAO CULTURAL DO MUNICIPIO DE VARGINHA; 0.0255 
37338;GUARDA CIVIL MUNICIPAL DE VARGINHA; 0.0255 
37339;FUNDACAO HOSPITALAR DO MUN DE VARGINHA; 0.0252 
37340;INSTITUTO DE PREVIDENCIA DOS SERVIDORES DE VARGINHA; 0.0247 
37369;SEMUL SERVICO MUNICIPAL FUNERARIO E; 0.0242 
3737;PREFEITURA MUNICIPAL DE BIRIGUI; 0.0219 
37479;PREFEITURA MUNICIPAL DE PATOS DE MI; 0.0235 
37483;SERVICO AUTONOMO DE AGUA E ESGOTO D; 0.0218 
37508;MUNICIPIO DE MARICA; 0.0215 
37579;PREFEITURA MUNICIPAL DE VITORIA; 0.0198 
37588;EMPRESA MUNICIPAL DE SAUDE EMUS; 0.03 
37589;JUSTICA FEDERAL DE PRIMEIRA INSTANC; 0.0315 
37628;GUAICARA PREFEITURA; 0.037 
37703;INST DE PREV MUNICIPAL MACATUBA; 0.0242 
37755;ORGANIZACAO MUNICIPAL SEGURIDADE SO; 0.0234 
37849;INSTITUTO DE SEGURIDADE SOCIAL DE M; 0.024 
37897;PREFEITURA MUNICIPAL DE MARIANA; 0.0289 
37898;MUNICIPIO DE SAO JOAO DEL REI; 0.0215 
37903;PREFEITURA MUNIC DE TRES LAGOAS; 0.0255 
37918;CAMARA MUNICIPAL DE AMERICANA; 0.0243 
38005;VALIPREV - INSTITUTO DE PREV VALINHOS; 0.0219 
38005;VALIPREV - INSTITUTO DE PREV VALINHOS; 0.0229 
38040;IPAMV-INST. DE PREV. E ASSISTENCIA DOS SERVID - MUNICIPIO DE VITORIA; 0.0179 
38081;PREFEITURA MUNICIPAL DE CAMACARI; 0.0278 
38086;MUNICIPIO DE IGARAPAVA; 0.0289 
38087;PREFEITURA MUNICIPAL DE JABORANDI; 0.0213 
38099;INSTITUTO DE PREVIDENCIA MUNICIPAL; 0.0249 
38151;SERVICO AUTONOMO DE AGUA E ESGOTO DE PEDREIRA; 0.0529 
38152;TRIBUNAL REGIONAL DO TRABALHO DA 20; 0.032 
38163;RIO GRANDE DO NORTE TRIBUNAL DE JUS; 0.024 
38164;INSTITUTO PREVIDENCIARIO DE SÃO SEBASTIÃO; 0.0224 
38167;PREFEITURA M DE CARUARU; 0.0285 
38205;PREFEITURA MUNICIPAL DE CAMPO LIMPO; 0.0281 
38263;HOSPITAL MUNICIPAL ODILON BEHRENS; 0.0194 
38273;PREFEITURA MUNICIPAL DE SAO MANUEL; 0.026 
38274;PROCURADORIA GERAL DO ESTADO DE SP; 0.0228 
38284;IMPREV - INSTITUTO MUNICIPAL DE PREVIDENCIA DE VIRADOURO; 0.0235 
38315;MUNICIPIO DE SANTIAGO; 0.022 
38385;PREFEITURA MUNICIPAL DE CAPIVARI; 0.0238 
38397;AUTARQUIA MUNICIPAL DE TRÂNSITO E TRANSPORTES DE CONTAGEM - TRANSCON; 0.023 
38400;ARAPREV; 0.0255 
38442;MUNICIPIO DE PARATI; 0.021 
38443;FUNDO PREVIDENCIARIO DO MUNICIPIO DE SANTA MARIA DA BOA VISTA; 0.0285 
38529;PREFEITURA MUNICIPAL DE RIO DAS PEDRAS; 0.0277 
38531;PREFEITURA MUNICIPAL DE CACHOEIRA PAULISTA; 0.0285 
38551;PREFEITURA MUNICIPAL DE ARARAS; 0.0243 
38552;SERVICO MUNICIPAL DE TRANSPORTES CO; 0.0256 
38553;SERVICO DE AGUA E ESGOTO E MEIO AMB; 0.0218 
38575;SÃO PAULO TRIBUNAL DE JUSTIÇA - MAGISTRADOS; 0.0229 
3861;PREFEITURA MUNICIPAL DE IPERO; 0.0247 
38623;PREFEITURA MUNICIPAL DE CEDRAL; 0.0275 
38640;PREFEITURA MUNICIPAL DE PLATINA; 0.0199 
38644;PREFEITURA MUN DE PESQUEIRA CEHAB; 0.0205 
38654;INSTITUTO DE PREVIDENCIA MUNICIPAL DE CAIUA; 0.0199 
38679;COMPANHIA CATARINENSE DE AGUAS E SA; 0.024 
38695;GUARDA CIVIL MUNICIPAL DE RIBEIRAO; 0.0286 
38733;SAO PAULO TRIBUNAL DE JUSTICA - SERVIDORES; 0.026 
38745;CAMARA MUNICIPAL DE BALBINOS; 0.0269 
38770;PREFEITURA MUNICIPAL DO CARPINA; 0.0263 
38794;TRIBUNAL DE CONTAS MATO GROSSO DO SUL; 0.025 
38820;INSTITUTO DE PREVIDENCIA DOS SERVIDORES DO MUNICIPIO DO CARPINA; 0.027 
38839;PREFEITURA MUNICIPAL DE SOUSA; 0.027 
38862;INST. DE PREV. DOS SERVID. PUBLICOS MUNICIPAL ESTANCIA BALNEARIA ILHABELA; 0.024 
38909;PREFEITURA MUNICIPAL DE SABARA; 0.0262 
38942;PREFEITURA MUNICIPAL DE VALENCA; 0.0255 
38968;MUNICIPIO DE PAULINIA; 0.0255 
39048;IPREM - SALES; 0.0195 
39063;PREFEITURA MUNICIPAL DE BARCARENA; 0.0266 
39067;FUNDACAO PRO MEMORIA DE SAO CARLOS; 0.0199 
39088;PREFEITURA MUNICIPAL DO SURUBIM; 0.0255 
39089;INST DE PREVIDENCIA DOS SERVIDORES; 0.0229 
39130;PREFEITURA MUNICIPAL DE PIRAJUI; 0.0261 
39141;INSTITUTO PREV SERV MUNICIPAL DE TAQUARITINGA; 0.0265 
39166;FUNDO MUNICIPAL DE SEGURIDADE DE BADY BASSITT; 0.0199 
39170;GOVERNO DO ESTADO DE RONDONIA; 0.022 
3918;PARANAIBA PREFEITURA MUNICIPAL - PG; 0.0285 
39208;PREFEITURA MUNICIPAL DE OLINDA; 0.0219 
39221;MUNICIPIO DE SAO GABRIEL; 0.0275 
39243;PREFEITURA MUNICIPAL DE PORTO VELHO; 0.0256 
39316;MUNICIPIO DE LAGOA VERMELHA; 0.0236 
39364;INST DE PREV MUNICIPAL PATOS DE MINAS; 0.0233 
39413;MUNICIPIO DE UBERLANDIA; 0.0225 
39497;PARANAVAI PREVIDENCIA; 0.0267 
39524;JUSTIÇA FEDERAL DO RIO GRANDE DO NORTE; 0.0205 
39540;MUNICIPIO DE VIANA; 0.0235 
39544;INSTITUTO DE PREVIDENCIA SOCIAL DOS SERVIDORES PUBLICOS DO MUNICIPIO DE VIANA; 0.0255 
39548;PREVIDENCIA DOS SERVIDORES PUBLICOS MUNICIPAIS DE MARINGA; 0.024 
39605;MUNICIPIO DE CACERES; 0.0258 
39626;PREFEITURA MUNICIPAL DE CORONEL FAB; 0.0248 
39635;INSTITUTO DE PREVIDENCIA DOS FUNCIO; 0.027 
39638;INSTITUTO DE PREVIDENCIA SOCIAL DOS SERVIDORES PUBLICOS DO MUNICIPIO DE VIDERIA; 0.023 
39639;MUNICIPIO DE TANGARA DA SERRA; 0.0275 
39645;MUNICIPIO DE TIMBAUBA; 0.025 
39646;MUNICIPIO DE PORTO UNIAO; 0.0237 
39689;MUNICIPIO DE JUAZEIRO DO NORTE; 0.0288 
39697;COMPANHIA PETROPOLITANA DE TRÂNSITO E TRANSPORTES; 0.0183 
39699;INST DE PREV ASSIST SOC SERV PUBL DO MUNIC PETROPOLIS; 0.0225 
39702;COMPANHIA DE SERVICO DE CABO FRIO - COMSERCAF; 0.0328 
39711;MUNICIPIO DE ANGRA DOS REIS; 0.029 
39731;DMAE-UBERLANDIA; 0.0198 
39731;DMAE-UBERLANDIA; 0.0208 
39764;IBASCAF INST BENEF E ASSIST AOS SERV MUN DE CABO FRIO; 0.0323 
39766;MUNICIPIO DE LAJEADO; 0.026 
39781;PREFEITURA MUNICIPAL DE IBATE; 0.0282 
39782;INSTITUTO DE PREVIDENCIA MUNICIPAL; 0.0254 
39819;MUNICIPIO DE UMUARAMA; 0.0264 
39820;PREFEITURA MUNICIPAL DE CURVELO; 0.0199 
39823;FUNDO DE PREVIDENCIA MUNICIPAL DE UMUARAMA - FPMU; 0.0284 
39829;MUNICIPIO DE CAMPINA GRANDE DO SUL; 0.0282 
39830;PREFEITURA MUNICIPAL DE MONTE MOR; 0.0244 
39833;PREFEITURA MUNICIPAL DE TEOFILO OTONI; 0.026 
39838;MUNICIPIO DE BOM DESPACHO; 0.0265 
39851;MUNICIPIO DE BARBALHA; 0.0274 
39863;SAAESP-SERVICO AUTONOMO DE AGUA E E; 0.0183 
39863;SAAESP-SERVICO AUTONOMO DE AGUA E E; 0.0195 
39872;INST DE PREVIDENCIA DOS SERVIDORES; 0.0228 
39877;MUNICIPIO DE FRANCISCO MORATO; 0.0262 
39902;MUNICIPIO DE PARANAGUA; 0.027 
39903;FUNDO DE PREVIDENCIA SOCIAL DO MUNI; 0.024 
39914;IPREMU - INST PREV DOS SERVID UBERLÂNDIA; 0.0211 
39928;MUNICIPIO DE NAVIRAI; 0.0267 
39946;ESTADO DE MATO GROSSO; 0.022 
39954;MUNICIPIO DE CAMETA; 0.0245 
39958;INSTITUTO DE PREVIDENCIA DO MUNICIP; 0.0245 
39959;MUNICIPIO DE SOCORRO; 0.0232 
39960;ASSEMBLEIA LEGISLATIVA DO ESTADO DO PARA; 0.024 
39966;FUNPRETI FUNDO PREVIDENCIARIO DO MU; 0.021 
39967;IPREBE - INSTITUTO DE PREVIDENCIA M; 0.0238 
39971;MUNICIPIO DE SAO FELIX DO XINGU; 0.0265 
39974;INSTITUTO DE PREVIDENCIA SOCIAL DOS; 0.023 
39981;FUNDO PREVIDENCIARIO DO MUNICIPIO DE LIMOEIRO; 0.0245 
39985;MUNICIPIO DE BEZERROS; 0.0255 
39988;MUNICIPIO DE MARACANAU; 0.0305 
39989;MUNICIPIO DE ROLANDIA; 0.025 
39991;FUNDO PREVIDENCIARIO DO MUNICIPIO D; 0.0215 
40002;MUNICIPIO DE SANTOS DUMONT; 0.0261 
40003;MUNICIPIO DE PASSIRA; 0.0261 
40016;INSTITUTO DE PREVIDENCIA SOCIAL SER; 0.0265 
40027;MUNICIPIO DE JUQUITIBA; 0.0302 
40039;MUNICIPIO DE JEQUIE; 0.022 
40042;FUNDO MUNICIPAL DE PREVIDENCIA DO MUNICIPIO DE PASSIRA; 0.0243 
40057;JUSTICA FEDERAL DE PRIMEIRO GRAU NO; 0.0265 
40073;MUNICIPIO DE PORTO SEGURO; 0.025 
40096;REGIME PRÓPRIO DE PREVIDÊNCIA SOCIAL-ARCOPREV; 0.0247 
40120;INSTITUTO DE BENEF E ASSIST DOS SER; 0.0233 
40134;MUNICIPIO DE SORRISO; 0.0282 
40168;FUNDO MUNICIPAL DE SAUDE; 0.0275 
40170;INSTITUTO DE PREVIDENCIA DOS SERVID; 0.0237 
40174;SERVICO FUNERARIO DO MUNICIPIO DE S; 0.0245 
40185;MUNICIPIO DE CAMPO LARGO; 0.0239 
40192;FUNDO MUNICIPAL DE ASSISTENCIA SOCI; 0.0227 
40194;PREFEITURA MUNICIPAL DE JARINU; 0.026 
40201;MUNICIPIO DE MAMANGUAPE; 0.0264 
40202;MUNICIPIO DE ABAETETUBA; 0.0248 
40203;MUNICIPIO DE PONTE NOVA; 0.0265 
40219;MUNICIPIO DE BIGUACU; 0.0243 
40242;MUNICIPIO DE BARRA MANSA; 0.0251 
40255;PREFEITURA MUNICIPAL DE JUNQUEIROPOLIS; 0.0285 
4026;TRIBUNAL REGIONAL DO TRABALHO DA 5 A REGIAO; 0.0272 
40272;PREFEITURA MUNICIPAL DE POMBOS; 0.0238 
40289;INSTITUTO PREVIDENCIA DOS SERVIDORE; 0.0199 
40314;INSTITUTO DE PREVIDENCIA MUNICIPAL DE MAGDA; 0.0284 
40317;MANAUS PREVIDENCIA - MANAUSPREV; 0.024 
40326;MUNICIPIO DE ALTA FLORESTA; 0.0295 
40328;FUNDO PREVIDENCIARIO DOS SERVIDORES; 0.0245 
40335;INSTITUTO DE PREVIDENCIA MUNICIPAL; 0.0228 
40341;MUNICIPIO DE CAMBE; 0.0269 
40348;MUNICIPIO DE MACAE; 0.0273 
40350;MUNICIPIO DE ARACAJU; 0.0223 
40351;AMAZONAS TRIBUNAL DE JUSTICA; 0.0211 
40353;MUNICIPIO DE IPATINGA; 0.0238 
40392;INSTITUTO MUNICIPAL DE PREVIDENCIA; 0.0247 
40393;EMPRESA MUNICIPAL DE INFORMATICA SA; 0.0203 
40411;MUNICIPIO DE CRATO; 0.0245 
40425;DEPARTAMENTO MUNICIPAL DE TRANSITO; 0.027 
40427;INSTITUTO DE PREVIDENCIA DOS SERVID; 0.0277 
40429;FUNDO MUNICIPAL DE ASSISTENCIA SOCI; 0.0255 
40430;FUNDO MUNICIPAL DE EDUCACAO FME; 0.0255 
40455;DEPARTAMENTO MUNICIPAL DE AGUA ESGO; 0.026 
40456;MUNICIPIO DE ITAPEVA; 0.0199 
40461;FUNDO MUNICIPAL DE EDUCACAO; 0.0235 
40525;SANTA CATARINA GOVERNO DO ESTADO; 0.0293 
40555;MUNICIPIO DE ARROIO GRANDE; 0.026 
40559;MUNICIPIO DE NAVEGANTES; 0.0255 
40560;MUNICIPIO DE FORMOSA; 0.0235 
40576;MUNICIPIO DE JOAO MONLEVADE; 0.0269 
40596;FUNDO DE PREVIDENCIA DO MUNICIPIO D; 0.025 
40605;MUNICIPIO DE PIRAPORA DO BOM JESUS; 0.0287 
40608;MUNICIPIO DE CASTANHAL; 0.0235 
40609;IPREJ - INST. PREV. DOS SERV. MUNICIPAIS DE JEQUIE; 0.022 
40615;FUNDO MUNICIPAL DE EDUCACAO DE CAST; 0.0215 
40620;MUNICIPIO DE RIO BRILHANTE; 0.0249 
40625;MUNICIPIO DE MARACAJU; 0.0265 
40642;MUNICIPIO DE ITAJUBA; 0.0257 
40648;MUNICIPIO DE AQUIRAZ; 0.0275 
40683;MUNICIPIO DE MEDIANEIRA; 0.027 
40694;SERVICO SOCIAL AUTONOMO HOSPITAL ALCIDES CARNEIRO; 0.0184 
40710;MUNICIPIO DE SAO PEDRO DA ALDEIA; 0.0235 
40719;MUNICIPIO DE TAUBATE; 0.0299 
40723;MUNICIPIO DE CASTRO; 0.0245 
40745;MUNICIPIO DE RIO VERDE; 0.021 
40763;MUNICIPIO DE LEOPOLDINA; 0.0245 
40764;MUNICIPIO DE CAICO; 0.0272 
40780;MUNICIPIO DE ABREU E LIMA; 0.0255 
40794;MUNICIPIO DE URUGUAIANA; 0.0328 
40816;MUNICIPIO DE MARANGUAPE; 0.0245 
40825;MUNICIPIO DE SIDROLANDIA; 0.027 
40826;MUNICIPIO DE CANARANA; 0.026 
40830;MUNICIPIO DE GOVERNADOR VALADARES; 0.0206 
40830;MUNICIPIO DE GOVERNADOR VALADARES; 0.0209 
40831;MUNICIPIO DE ITABIRA; 0.0225 
40832;FUNDO DE PREVIDENCIA SOCIAL DE BARR; 0.0239 
40852;INSTITUTO DE PREVIDENCIA SOCIAL DO; 0.0198 
40858;MUNICIPIO DE EUNAPOLIS; 0.025 
40862;MUNICIPIO DE UNAI; 0.0237 
40943;INST PREV MUN MARINOPOLIS IPREM; 0.0235 
40947;PREFEITURA MUNICIPAL DE TRES PONTAS; 0.0233 
40969;MUNICIPIO DE VARGEM GRANDE PAULISTA; 0.0253 
40977;MUNICIPIO DE OSASCO; 0.03 
4098;PREFEITURA MUNICIPAL DE GARCA; 0.0252 
40997;MUNICIPIO DE BALSAS; 0.0254 
41023;INSTITUTO DE PREVIDENCIA MUNICIPAL; 0.025 
41028;CAMPREV - INSTITUTO DE PREVIDENCIA; 0.0285 
41036;MUNICIPIO DE GURUPI; 0.0265 
41064;MUNICIPIO DE SAO JOSE; 0.0235 
41143;PREVICAN FUNDO MUNICIPAL PREVIDENCI; 0.0235 
41146;MUNICIPIO DE LUIS EDUARDO MAGALHAES; 0.0269 
41154;TRIBUNAL REGIONAL DO TRABALHO 16 RE; 0.0199 
41168;SERVICO AUTONOMO DE AGUA E ESGOTO; 0.0269 
41179;MUNICIPIO DE SAPEZAL; 0.0264 
41196;SANASA CAMPINAS; 0.0275 
41206;MUNICIPIO DE DOIS VIZINHOS; 0.0263 
41218;MUNICIPIO DE IPUEIRAS; 0.026 
41231;MUNICIPIO DE PARACATU; 0.0256 
41256;SERVICO FEDERAL DE PROCESSAMENTO DE; 0.0265 
41257;MUNICIPIO DE PALMAS - TO; 0.0225 
41262;INSTITUTO DE PREVIDENCIA DOS SERVID; 0.0199 
41268;ESTADO DO PIAUI; 0.0241 
41279;PREFEITURA MUNICIPAL DE CAPAO DA CANOA; 0.0279 
41280;MUNICIPIO DE RUSSAS; 0.0275 
41284;INSTITUTO MUNICIPAL PREVIDENCIAL SO; 0.0232 
41297;INSTITUTO DE PREVIDENCIA SOCIAL DOS; 0.0238 
41307;INSTITUTO DE PREVIDENCIA E SEGURIDA; 0.0239 
41316;MUNICIPIO DE ACAILANDIA; 0.0264 
41318;MUNICIPIO DE POSSE; 0.0245 
41323;INSTITUTO DE PREVIDENCIA MUNICIPAL; 0.023 
41324;MUNICIPIO DE TRINDADE; 0.0246 
41332;MUNICIPIO DE PORTO NACIONAL; 0.0205 
41336;MUNICIPIO DE NOVA MUTUM; 0.029 
41345;HOSPITAL DO SERVIDOR PUBLICO MUNICI; 0.0245 
41345;HOSPITAL DO SERVIDOR PUBLICO MUNICI; 0.0228 
41348;MUNICIPIO DE GASPAR; 0.0292 
41368;MUNICIPIO DE BLUMENAU; 0.023 
41382;MUNICIPIO DE ARIQUEMES; 0.026 
41389;TRINDADE PREV INST DE PREV DOS SERV; 0.0262 
41390;MUNICIPIO DE MACEIO; 0.0309 
41395;MUNICIPIO DE ALFENAS; 0.0233 
41402;MUNICIPIO DE IRECE; 0.025 
41404;MUNICIPIO DE SANTANA; 0.0281 
41422;PREVMMAR; 0.0277 
41423;ASSEMBLEIA LEGISLATIVA DO EST S PAU; 0.027 
41426;INSTTITUTO DE PREVIDENCIA DO SERVID; 0.0335 
41429;MUNICIPIO DE SANTA QUITERIA; 0.0235 
41456;MUNICIPIO DE VARZEA GRANDE; 0.0249 
41466;MUNICIPIO DE SANTO ANTONIO DE JESUS; 0.0242 
41492;MUNICIPIO DE BACABAL; 0.0279 
41493;FUNDO MUNICIPAL DE SAUDE DE BACABAL; 0.0203 
41493;FUNDO MUNICIPAL DE SAUDE DE BACABAL; 0.0198 
41495;DEPARTAMENTO AUTONOMO DE AGUA E ESG; 0.0256 
41500;CIA DE ENGENHARIA DE TRAFEGO CET RI; 0.0203 
41505;MUNICIPIO DE ARACRUZ; 0.0239 
41507;MUNICIPIO DE SINOP; 0.0236 
41510;PREFEITURA MUNICIPAL DE LEME; 0.0278 
41514;CAMARA MUNICIPAL DE SANTOS; 0.0197 
41556;MUNICIPIO DE BALNEARIO CAMBORIU; 0.0256 
41557;MUNICIPIO DE CACADOR; 0.0237 
41602;INSTITUTO DE PREVIDENCIA SOCIAL DOS; 0.0238 
41631;TRE PARANA; 0.0205 
41635;INSTITUTO DE PREVIDENCIA MUNICIPAL; 0.025 
41643;MUNICIPIO DE GOIANIA; 0.0306 
41647;MUNICIPIO DE PONTA PORA; 0.025 
41654;MUNICIPIO DE CRATEUS; 0.0239 
41659;MUNICIPIO DE SUMARE; 0.026 
41675;ESTADO DO ESPIRITO SANTO; 0.0233 
41679;MUNICIPIO DE IMBITUBA; 0.0232 
41697;MUNICIPIO DE SACRAMENTO; 0.02 
41698;PREFEITURA MUNICIPAL DE CAFELANDIA; 0.0257 
41699;MUNICIPIO DE NOVA ANDRADINA; 0.0248 
41700;PREFEITURA MUNICIPAL DE MONTEIRO; 0.022 
41704;PREFEITURA MUNICIPAL DE SAO MATEUS DO SUL; 0.0213 
41712;MUNICIPIO DE ARAUCARIA; 0.0257 
41714;INSTITUTO DE PREVIDENCIA DOS SERVID; 0.0272 
41717;MUNICIPIO DE IPIAU; 0.029 
41718;FUNDO DE PREVIDENCIA SOCIAL DO MUNI; 0.025 
41725;MUNICIPIO DE TIANGUA; 0.022 
41743;FUNDACAO DE SAUDE PUBLICA SAO CAMIL; 0.0199 
41752;MUNICIPIO DE TELEMACO BORBA; 0.0243 
41828;MUNICIPIO DE SILVEIRAS; 0.0244 
41832;MUNICIPIO DE SAO MATEUS; 0.025 
41833;MUNICIPIO DE RESENDE; 0.0266 
41837;CAMPO LARGO CAMARA MUNICIPAL; 0.0191 
41837;CAMPO LARGO CAMARA MUNICIPAL; 0.0166 
41846;MUNICIPIO DE IGARAPE MIRI; 0.0235 
41857;MUNICIPIO DE ARAGUAINA; 0.0254 
41860;MUNICIPIO DE JANDIRA; 0.0235 
41861;MUNICIPIO DE SANTA RITA; 0.0236 
41948;MUNICIPIO DE SERRINHA; 0.0245 
41967;PREFEITURA MUNICIPAL DE ITUMBIARA; 0.0302 
41971;INSTITUTO MUNICIPAL DE PREVIDENCIA; 0.0213 
41973;IPREV - INSTITUTO DE PREVIDENCIA DO; 0.0235 
41975;MUNICIPIO DE JANAUBA; 0.0284 
41981;MUNICIPIO DE SANTA CRUZ DO CAPIBARIBE; 0.0247 
41984;MUNICIPIO DE BARRA DO GARÇAS; 0.0262 
41985;TRIBUNAL DE CONTAS DO ESTADO DE SAO; 0.022 
42008;MUNICIPIO DE CARAPICUIBA; 0.0272 
42009;MUNICIPIO DE PENEDO; 0.0235 
42012;MPPE - PROCURADORIA GERAL DA JUSTICA; 0.0208 
42013;FESURV - UNIVERSIDADE DE RIO VERDE; 0.0307 
42017;PREFEITURA MUNICIPAL DE CATANDUVA; 0.0294 
42019;VOTOPREV - FUNDAÇÃO PUBLICA DA SEGURIDADE SOCIAL DOS FUNCIONÁRIOS PÚBLICOS DO MU; 0.0225 
42028;MUNICIPIO DE QUIRINOPOLIS; 0.0262 
42083;SEPLAG CEARA -SECRETARIA DO PLANEJAMENTO E GESTAO; 0.0205 
42087;MUNICIPIO DE GUARANTA DO NORTE; 0.0237 
42092;MUNICIPIO DE OURO PRETO; 0.0288 
42112;MUNICIPIO DE MONCAO; 0.0238 
42118;MUNICIPIO DE SANTO ANTONIO DE PADUA; 0.0248 
42135;MUNICIPIO DE SANTAREM; 0.0225 
42136;MUNICIPIO DE CONFRESA; 0.0247 
42137;FUNDACAO DE ENSINO SUPERIOR DE GOIA; 0.0255 
42141;INSTITUTO DE PREVIDENCIA DOS SERVID; 0.0235 
42143;MUNICIPIO DE CURRAIS NOVOS; 0.028 
42145;MUNICÍPIO DE COSMORAMA; 0.024 
42146;INSTITUTO DE PREVIDENCIA SOCIAL DOS; 0.0225 
42147;MUNICIPIO DE ARMACAO DE BUZIOS; 0.0199 
42159;MUNICIPIO DE PITANGUEIRAS; 0.0324 
42171;MUNICIPIO DE JARU; 0.0245 
42173;PREFEITURA MUNICIPAL DE COLOMBO; 0.0197 
42178;MUNICIPIO DE SEABRA; 0.0255 
42180;MUNICIPIO DE JACOBINA; 0.0261 
42183;SERVICO MUNICIPAL DE SANEAMENTO AMB; 0.0255 
42190;MUNICIPIO DE GOIANESIA; 0.0237 
42192;PREFEITURA MUNICIPAL DE SANTO ANTONIO DA PLATINA; 0.0255 
42203;IMPREVI INSTITUTO MUNICIPAL PREVIDE; 0.025 
42204;JUSTICA FEDERAL DE PRIMEIRO GRAU NO; 0.0255 
42205;MUNICIPIO DE VILHENA; 0.0245 
42210;PREFEITURA MUNICIPAL DE MAUA; 0.0272 
42222;MUNICIPIO DE MAGE; 0.028 
42232;MUNICIPIO DE COLIDER; 0.0275 
42243;FUNDO DE PREVIDENCIA SOCIAL DO MUNI; 0.025 
42244;MUNICIPIO DE ITAPETINGA; 0.026 
42245;MUNICIPIO DE AQUIDAUANA; 0.0263 
42247;MUNICIPIO DE JOAO PINHEIRO; 0.0267 
42252;MUNICIPIO DE PIMENTA BUENO; 0.0236 
42255;MUNICIPIO DE BOA VISTA; 0.029 
42256;MUNICIPIO DE RONDON DO PARA; 0.0264 
42286;MUNICÍPIO DE PETROLINA; 0.024 
42292;MUNICIPIO DE REDENCAO; 0.0229 
42300;INST DE PREV E ASSIST DO SERV P C D; 0.0241 
42301;TRIBUNAL DE JUSTICA DO ESTADO DO ACRE; 0.0261 
42302;MUNICIPIO DE RESTINGA; 0.0272 
42303;MUNICIPIO DE PEDRO II; 0.026 
42311;MUNICÍPIO DE PORANGATU; 0.0276 
42315;PREFEITURA MUNICIPAL DE VICENCIA; 0.0257 
42341;MUNICIPIO DE MANACAPURU; 0.0224 
42348;MUNICIPIO DE PATOS; 0.0257 
42349;MUNICIPIO DE INHUMAS; 0.0265 
42351;MUNICIPIO DE HUMAITA; 0.0204 
42353;PREFEITURA MUNICIPAL DE FLORESTA; 0.025 
42354;MUNICIPIO DE PICOS - SECRETARIA DE SAUDE; 0.0202 
42355;MUNICIPIO DE PICOS - SECRETARIA DE EDUCAÇÃO; 0.0221 
42358;MINISTERIO PUBLICO ESTADUAL MATO GROSSO DO SUL; 0.0235 
42359;INSTITUTO DE PREVIDENCIA SOCIAL DOS; 0.0205 
42360;MUNICIPIO DE TAUA; 0.0265 
42366;MUNICIPIO DE GUANAMBI; 0.022 
42367;TRIBUNAL DE JUSTICA DO ESTADO DE MA; 0.0265 
42404;FUNDO DE PREVIDENCIA SOCIAL FPS; 0.0238 
42406;MUNICIPIO DE DOM ELISEU; 0.0257 
42414;INSTITUTO MUNICIPAL DE PREVIDENCIA; 0.0456 
42430;INSTITUTO DE PREVIDENCIA MUNICIPAL; 0.027 
42440;MUNICIPIO DE TRAIRI; 0.024 
42453;INSTITUTO DE PREVIDENCIA DOS SERVID; 0.0221 
42465;MUNICIPIO DE CASIMIRO DE ABREU; 0.025 
42476;MUNICIPIO DE CAMPO NOVO DO PARECIS; 0.026 
42482;FUNDO DE APOSENTADORIA E PENSOES - FAP; 0.0264 
42485;MUNICIPIO DE APODI; 0.0224 
42487;PREF MUN DE CEARA MIRIM; 0.0261 
42490;PREFEITURA MUNICIPAL DE SAO JOSE DE; 0.0235 
42491;MUNICIPIO DE SAO GABRIEL DO OESTE; 0.025 
42531;MUNICIPIO DE PARAISO DO TOCANTINS; 0.0234 
42532;MUNICIPIO DE ROLIM DE MOURA; 0.0279 
42535;PREFEITURA MUNICIPAL DE LUZIANIA; 0.0244 
42536;PREVIDENCIA SOCIAL DO MUNICIPIO DE; 0.026 
42538;IPSEMA INST DE PREV SOCIAL DOS SERVIDORES DE AÇAILANDIA; 0.0278 
42545;FUNDACAO UNIVERSIDADE REGIONAL DE B; 0.0225 
42546;GURUPI PREV INSTITUTO DE PREVIDENCI; 0.021 
42580;INSTITUTO DE PREVIDENCIA DOS SERVID; 0.0256 
42581;INSTITUTO DE PREVIDENCIA DE JUAZEIR; 0.0247 
42591;INSTITUTO DE PREVIDENCIA DOS SERVIDORES PUBLICOS DO MUNICIPIO DE MESQUITA; 0.026 
42594;MUNICIPIO DE UBIRATA; 0.0271 
42602;MUNICIPIO DE ANANINDEUA; 0.0217 
42603;MUNICIPIO DE PIRES DO RIO; 0.0255 
42637;INSTIT DE PREVID DOS SERVID PUBLICO; 0.0245 
42638;PREFEITURA MUNICIPAL DE LAGOA SANTA; 0.0262 
42642;MUNICIPIO DE ITAPIPOCA; 0.0295 
4267;PREFEITURA MUNICIPAL DE JAGUARIUNA; 0.0248 
42672;MUNICIPIO DE XINGUARA; 0.0273 
42678;PREFEITURA CHAPADINHA; 0.0254 
42679;INSTITUTO DE PREVIDENCIA DE CHAPADINHA; 0.0248 
42691;REGIME PROPRIO DE PREVIDENCIA SOCIA; 0.0237 
42692;FUNDO MUNICIPAL DE SAUDE DE CASTELO; 0.023 
42699;MUNICIPIO DE CASTELO; 0.0243 
4278;PREFEITURA MUNICIAPAL DE PENAPOLIS; 0.0243 
42804;MUNICIPIO DE DELMIRO GOUVEIA; 0.0255 
42812;SERV AUTON AGUA ESG IGARACU TIE; 0.024 
42818;PREFEITURA MUNICIPAL DE IGARAÇU DO TIETÊ; 0.0251 
42819;PREFEITURA MUNICIPAL DE FLORIDA PAULISTA; 0.0255 
42820;INSTITUTO DE PREVIDENCIA SOCIAL DO MUNICIPIO DE MACAE; 0.0264 
42834;INSTITUTO MUNICIPAL DE PREVIDENCIA SOCIAL DE QUATA; 0.021 
42844;CAMARA MUNICIPAL DE ARACATUBA; 0.0251 
42845;DEFENSORIA PUBLICA GERAL DO ESTADO DE MATO GROSSO DO SUL; 0.021 
4287;FIEB FUNDACAO INSTITUTO DE EDUCACAO; 0.023 
42902;INSTITUTO DE PREVIDENCIA MUNICIPAL DE GOV. VALADARES; 0.0264 
42981;PREFEITURA MUNICIPAL DE TOUROS; 0.024 
42982; INSTITUTO DE PREVIDENCIA SOCIAL DOS SERVIDORES MUNICIPAIS DE HUMAITA; 0.0256 
42985;DEFENSORIA PUBLICA DO ESTADO DO TOCANTINS; 0.0255 
43001;MUNICIPIO DE COXIM; 0.027 
43081;MUNICIPIO DE CONCEICAO DO COITE; 0.0267 
43147;MUNICIPIO DE ASSU; 0.0223 
43149;MUNICIPIO DE COLINAS DO TOCANTINS; 0.0273 
43188;MUNICIPIO DE  CABEDELO ; 0.0248 
43190;INSTITUTO DE PREVIDENCIA DOS MUNICIPIARIOS DE CATANDUVA; 0.0245 
43212;MUNICIPIO DE PALMAS - PR; 0.0239 
43237;SERVICO AUTONOMO DE AGUA E ESGOTO DE COLINA; 0.0245 
43243;INSTITUTO DE PREVIDENCIA MUNICIPAL DE SAO GONCALO DO AMARANTE - IPREV; 0.0283 
4325;PREFEITURA MUNICIPAL DE CAMPO MOURAO; 0.026 
43250;COMPANHIA DE AGUAS E ESGOTOS DO RIO GRANDE DO NORTE; 0.0213 
43268;PREFEITURA MUNICIPAL DE PRATANIA; 0.024 
43271;IPASLUZ SAUDE; 0.0228 
43272;FUNDO MUNICIPAL DE SAUDE DE MAMANGU; 0.0199 
43273;SUPERINTENDENCIA MUNICIPAL DE TRANS; 0.021 
43275;FUNDO MUNICIPAL DE SAUDE; 0.0225 
43350;CARUARU PREV; 0.028 
43358;MUNICIPIO DE SAO FRANCISCO DO SUL; 0.0231 
4338;PETROLEO BRASILEIRO SA; 0.0309 
43401;MUNICIPIO DE JUINA; 0.0237 
43404;MUNICIPIO DE LENCOIS PAULISTA; 0.0225 
43415;MUNICIPIO DE ALTAMIRA; 0.0259 
43464;AMAPA PREVIDENCIA - AMPREV; 0.0235 
43469;FUNDO MUNICIPAL DE ASSISTENCIA SOCI; 0.0214 
43478;MUNICIPIO DE ITAMARAJU; 0.0227 
43486;MUNICIPIO DE SAO LOURENCO DA MATA; 0.0286 
43487;MUNICIPIO DE BRUMADO; 0.0229 
43498;MUNICIPIO DE SAO JOAO DA BARRA; 0.0255 
43545;INST DE PREV E ASS DOS SERV DO MUN DE LUZIANIA GO; 0.0238 
43553;PROCURADORIA GERAL DE JUSTICA DO ESTADO DO AMAZONAS; 0.0203 
43554;IPARV - INSTITUTO DE PREVIDÊNCIA E ASSISTÊNCIA DOS SERVIDORES DE RIO VERDE; 0.021 
43591;SECRETARIA MUNICIPAL DE ADMINISTRAC; 0.024 
43597;PROCURADORIA GERAL DE JUSTICA DO ES; 0.0266 
43608;INSTITUTO DE PREVIDENCIA MUNICIPAL; 0.0225 
43629;IPASVAL-INST DE PREV E ASS DOS SERV; 0.0235 
43639;FUNDO MUNICIPAL DE SEGURIDADE SOCIAL DE MACAUBAL; 0.024 
43655;CAPSMAR - CAIXA DE APOSENT E PREVID DOS SERV PUBL MUNIC DE ARANDU; 0.022 
43656;MUNICIPIO DE SAO MIGUEL; 0.0263 
43664;MUNICIPIO DO CABO DE SANTO AGOSTINHO; 0.0204 
43684;MUNICIPIO DE CALDAS NOVAS; 0.0245 
43703;INST PREVID DOS SERVIDORES MUNICIPAIS DE CABEDELO; 0.0225 
43707;SECRETARIA MUNICIPAL DE ADMINISTRAC; 0.0254 
438;MINISTERIO DA AERONAUTICA; 0.0255 
4386;PREFEITURA MUNICIPAL DE VALINHOS; 0.0235 
43876;MUNICIPIO DE GOIANA; 0.0248 
43914;FUNDO PREVIDENCIARIO DO MUNICIPIO DE SAO LOURENCO DA MATA; 0.0223 
43931;INSTITUTO MUNICIPAL DE PREVIDENCIA DOS SERVIDORES DE COXIM; 0.0265 
43936;INSTITUTO DE PREVIDENCIA SOCIAL DOS SERVIDORES MUNICIPAIS DE SAO ROQUE; 0.0208 
43936;INSTITUTO DE PREVIDENCIA SOCIAL DOS SERVIDORES MUNICIPAIS DE SAO ROQUE; 0.0203 
43945;MUNICIPIO DE LINHARES; 0.0204 
43962;CAMARA MUNICIPAL PAULINIA; 0.024 
43963;FUNDO PREVIDENCIARIO DO MUNICIPIO DE TAMBAU - FUPREVIT; 0.0199 
43965;MUNICIPIO DE OLIVEIRA; 0.0233 
44003;MUNICIPIO DE ESTANCIA; 0.0215 
44033;CAIXA DE PREVIDENCIA E ASSISTENCIA DOS SERV.MUN. DE SANTANA DE PARNAIBA; 0.0183 
4404;CAMARA MUNICIPAL DE SALVADOR; 0.023 
44045;INST PREV SOCIAL DOS SERVIDORES DO MUNICIPIO DO CABO DE SANTO AGOSTINHO; 0.0223 
44050;MUNICIPIO DE GRAVATA; 0.0233 
44061;MUNICIPIO DE VICOSA; 0.0192 
44068;MUNICIPIO DE LUCAS DO RIO VERDE; 0.0205 
44071;INSTITUTO DE PREVIDENCIA DOS SERVIDORES MUNICIPAIS DE VITORIA DE SANTO ANTAO; 0.0223 
44135;INST. PREV. SOCIAL DOS SERV. PUBL. MUNIC. DE ROLIM DE MOURA; 0.0249 
4489;PREFEITURA MUNICIPAL DE BELO HORIZONTE; 0.0265 
4521;GOVERNO DO ACRE; 0.025 
4560;SURG COMPANHIA DE SERVICOS DE URBAN; 0.0207 
4560;SURG COMPANHIA DE SERVICOS DE URBAN; 0.0232 
4560;SURG COMPANHIA DE SERVICOS DE URBAN; 0.0222 
4561;PREFEITURA MUNICIPAL DE GUARAPUAVA; 0.0247 
4565;EMPRESA MUNICIPAL DE AGUAS E SANEAM; 0.023 
4605;PREFEITURA MUNICIPAL DE NEPOMUCENO; 0.0277 
4606;SERVICO AUTONOMO DE AGUA E ESGOTO DE TAQUARITINGA; 0.023 
4642;PREFEITURA MUNICIPAL DE IBIRITE; 0.0245 
4719;PREFEITURA MUNICPAL DE CARAGUATATUBA; 0.0271 
4760;FOZ PREVIDENCIA - FOZPREV; 0.0248 
4852;PREFEITURA MUNICIPAL DE BENTO GONCALVES; 0.0235 
4875;MUNICIPIO DE MESQUITA; 0.0283 
4877;INST PREV SERV PÚBLIC MUN DE GARANHUNS; 0.029 
5024;PREFEITURA MUNICIPAL DE TABOAO DA SERRA; 0.0235 
5062;PREFEITURA MUNICIPAL DE SANTANA DE PARNAIBA; 0.0255 
5079;TRIBUNAL REGIONAL ELEITORAL DO AMAPA; 0.0235 
5139;SERVICO DE AGUA E ESGOTO DE PIRASSUNUNGA; 0.023 
5193;PREFEITURA MUNICIPAL DE PETROLANDIA; 0.0245 
5382;INST DE PREV DOS SERV PUB DO MUNICIPIO DE GUARAPUAVA; 0.0247 
5562;MINISTERIO PUBLICO DO ESTADO DO RIO GRANDE DO NORTE; 0.0199 
5663;CARAGUAPREV; 0.0243 
5676;TRIBUNAL REGIONAL DO TRABALHO DA 24A REGIAO; 0.023 
5715;SERVICO AUTONOMO DE AGUA E ESGOTO DE ITAPOLIS; 0.0227 
5738;MINISTERIO PUBLICO DO ESTADO DO PARA; 0.026 
6225;TRIBUNAL REGIONAL DO TRABALHO 18A REGIAO; 0.0255 
6334;IGARASSU PREVIDÊNCIA; 0.0265 
6691;PREFEITURA MUNICIPAL DE SAO JOSE DO RIO PRETO; 0.0235 
6938;CIA DE AGUA E ESGOTO DO MARANHAO CAEMA; 0.0269 
7243;CIA DOCAS DO ESTADO DA BAHIA CODEBA; 0.0188 
853;GOVERNO DO ESTADO DO AMAPA; 0.027 
862;TRIBUNAL REGIONAL DO TRABALHO 14A REGIAO; 0.0237 
864;TRIBUNAL REGIONAL DO TRABALHO 12A REGIAO; 0.02 
872;TRIBUNAL REGIONAL ELEITORAL DO ESTADO DO TOCANTINS; 0.0238 
914;TRIBUNAL REGIONAL DO TRABALHO DA 11 REGIAO; 0.0275 
938;PREFEITURA MUNICIPAL DE PATY DO ALFERES; 0.0265 
97;TRIBUNAL REGIONAL ELEITORAL DO RIO DE JANEIRO; 0.023 